classification,Closed PnL
Extreme Greed,0.0830225901475621
Fear,0.055050513728665124
Greed,0.0765405326246946
Neutral,0.03507897072349002
