Classification,leverage,size,account
Fear,5.519781434863519,1.096511861376334,98
Greed,5.441201441596671,1.0256504661105679,100
