Classification,mean,sum,count
Fear,-89.10760087865688,-29227.293088199458,328
Greed,-1.852775221742343,-1245.0649490108544,672
